iter	RMSE
0	3332.16532411	3261.037932	2	3226.708533	3091.50582
4	3028.46562
5	295	2991.0056	6	6	2930.23677	2873.55591888	28	2858.68399	29	2762.9110	2610	2707.681111	2647.4004212	2573.79813
2
005
